,Strategy,Kelly,BuyAndHold
0,0.9895132254015793,0.9989505776897418,0.9905132254015793
1,0.9885237121761777,0.9979516271120521,0.9834805154571544
2,0.9684215088483926,0.9964311459323335,0.9644643489766767
3,0.9674530873395443,0.9954347147864012,0.9557709409664477
4,0.9768237174355472,0.9956396338544575,0.9659841901887996
5,0.9721838222581426,0.9955247892388757,0.9613957825718419
6,0.9712116384358844,0.9945292644496367,0.9441954094001418
7,0.9712116384358844,0.9945292644496367,0.9343774715793056
8,0.9761578909484327,0.9938116730653702,0.9400705100198894
9,1.0014397370414116,0.9950869086664834,0.964417716728201
10,1.0078527815073075,0.9964566783515688,0.9705936786681053
11,1.0068449287258001,0.9954602216732172,0.9560704544643632
12,1.0190198109571336,0.9949050242232061,0.9685874364910713
13,1.0363204150157708,0.9970214215446139,0.9850318152506589
14,1.0335338483022605,0.9968434964927382,0.9823831586881185
15,1.0325003144539582,0.9958466529962454,0.9981752139760156
16,1.064167067436251,1.0019751374565904,1.029787392393218
17,1.0834919789455422,1.003610877930645,1.0484879807128005
18,1.1137733444474285,1.0067034953406273,1.0777910566794522
19,1.1459572716170658,1.0117121321348392,1.1089352289162795
20,1.1599373487525677,1.0132439282350452,1.1224636565658102
21,1.1494484007144978,1.0129762421987076,1.112313571321118
22,1.1482989523137834,1.011963265956509,1.1123970025556245
23,1.1596943029653302,1.0121481128907233,1.1245484707706972
24,1.1773003676015068,1.0125891107039855,1.141620963937454
25,1.1816658432327798,1.0131477766990065,1.1458541389498533
26,1.180484177389547,1.0121346289223074,1.122837177464543
27,1.180484177389547,1.0121346289223074,1.1228790544554745
28,1.193871778466136,1.0124824205232767,1.1367362480617351
29,1.2043408481497875,1.0128598901198227,1.1467042958936227
30,1.228189607691935,1.014370104159393,1.1694117171861313
31,1.2333459999945122,1.0149551631002969,1.174321338257078
32,1.2321126539945177,1.0139402079371966,1.1365167422280862
33,1.2321126539945177,1.0139402079371966,1.1141820779379406
34,1.232599874438266,1.0130043981575008,1.115736846584541
35,1.2313672745638278,1.0119913937593432,1.0766436800500394
36,1.2313672745638278,1.0119913937593432,1.0375556367317431
37,1.2313672745638278,1.0119913937593432,1.0411513451216587
38,1.2414926793251744,1.0117587461053608,1.0507537754652916
39,1.249923259545983,1.0120676603568268,1.057889108716868
40,1.2567236043756544,1.012432743502666,1.0636446706490794
41,1.245437780050797,1.0121410329621783,1.0540927637260133
42,1.2441923422707462,1.011128891929216,1.050581144133725
43,1.245125641403208,1.0102634948713614,1.0524197919111984
44,1.2438805157618047,1.00925323137649,1.0386944492500552
45,1.2438805157618047,1.00925323137649,1.0431303232430305
46,1.2768979596825039,1.0119861399385999,1.0718622038226149
47,1.2847960356313042,1.0129265348249596,1.0784920594255984
48,1.283511239595673,1.0119136082901348,1.0683829962886262
49,1.2706143451452991,1.0107447600711965,1.05871612250598
50,1.2693437308001538,1.0097340153111254,1.0433027708213922
51,1.2693437308001538,1.0097340153111254,1.0329473874254962
52,1.2693437308001538,1.0097340153111254,1.0400433037369912
53,1.2859693013047144,1.0102991024029486,1.0547055936036631
54,1.2934220954998747,1.0106545423769335,1.0608181063344395
55,1.3032865979623784,1.010987837595088,1.0689086151162308
56,1.3655738970255713,1.0145612199069902,1.1199944090506282
57,1.431017389875923,1.0267166276234545,1.1736687991812462
58,1.441203063022285,1.0272545106421882,1.1820227205627185
59,1.4397618599592628,1.026227256131546,1.1749956741457177
60,1.4681385329500363,1.0264918917758499,1.199328991302105
61,1.5109987990105895,1.031553479862564,1.234341736017724
62,1.5387629953855653,1.0342177052354127,1.2570224332989297
63,1.581948828080224,1.0361540288392035,1.292301134866794
64,1.6357560681447831,1.0441773966078913,1.3362565120352605
65,1.7031455755179021,1.0492936463793714,1.3913073046466
66,1.7014424299423843,1.048244352732992,1.3702786665173192
67,1.7014424299423843,1.048244352732992,1.3537055887367264
68,1.6762498191093653,1.0468526371227573,1.3350154906214013
69,1.674573569290256,1.0458057844856345,1.2882792318412035
70,1.674573569290256,1.0458057844856345,1.274244071558515
71,1.6982309362455752,1.0464157236485137,1.2935200685206774
72,1.7171109286907547,1.0473855010042046,1.3079007093393809
73,1.684700943539108,1.0459991144613547,1.2832144518231947
74,1.683016242595569,1.0449531153468934,1.2479197476865815
75,1.683016242595569,1.0449531153468934,1.2809269437209487
76,1.7404153086026213,1.0530789005086676,1.325893729619578
77,1.7455424039692446,1.0532894655686065,1.3297996844593027
78,1.7437181768182577,1.05327769116905,1.3284099406843888
79,1.7185804209495485,1.0528973928067458,1.3092593432848578
80,1.716861840528599,1.051844495413939,1.3234423592879354
81,1.7930411971945106,1.062723533578299,1.3834886325326314
82,1.8352138650192553,1.0678054878808996,1.4160285466352183
83,1.8141957946695564,1.0670152892983578,1.399811260913018
84,1.8123815988748868,1.0659482740090593,1.4492606902992264
85,1.9179573951215192,1.0806723562251053,1.535133039064504
86,1.909014391179398,1.080236114597278,1.5279750589889534
87,1.9071053767882187,1.079155878482681,1.5125781338825033
88,1.8906802211425302,1.0777863186434335,1.501063465815064
89,1.8887895409213877,1.07670853232479,1.4827468335611533
90,1.8887895409213877,1.07670853232479,1.4891788290994576
91,1.9136788508837197,1.0771184932859899,1.5102914930568783
92,1.9092118023307916,1.07688706329233,1.506766060654548
93,1.9073025905284609,1.0758101762290377,1.5166796164366174
94,1.9379077704947851,1.0780455179150152,1.5425334163625466
95,1.898935131093692,1.077777142538367,1.5115120233348045
96,1.8970361959625983,1.0766993653958288,1.5450065697814361
97,2.0154297440874376,1.0926909744892999,1.642975044739386
98,2.0725144071901775,1.0995251953734377,1.6895103691238256
99,2.084174227959961,1.1003397532788484,1.6990154360243652
100,2.082090053732001,1.0992394135255694,1.6769069225299835
101,2.082090053732001,1.0992394135255694,1.690778338675677
102,2.166034050719442,1.1075058794912287,1.76063652961681
103,2.1889138358733202,1.1104305214850836,1.7792341068424877
104,2.1867249220374467,1.1093200909635985,1.746784236370751
105,2.1867249220374467,1.1093200909635985,1.7650428243110714
106,2.1544661545706747,1.1052751350569936,1.7407697928149535
107,2.152311688416104,1.1041698599219365,1.6331049519501906
108,2.152311688416104,1.1041698599219365,1.5916909400531325
109,2.184391320231048,1.1051565280980808,1.6170063600399123
110,2.1691683216512683,1.1044024057197914,1.6057374608759205
111,2.166999153329617,1.1032980033140716,1.6096295784424728
112,2.284418898874438,1.1145203777524875,1.6984576525836315
113,2.3599777726419244,1.1237362777539477,1.7546354172809113
114,2.3576177948692827,1.1226125414761938,1.7669479207676837
115,2.3981556151294887,1.1246489685733916,1.79909647565507
116,2.379386422760109,1.1238062028156053,1.7850158264971878
117,2.377007036337349,1.1226823966127897,1.7517510971110901
118,2.377007036337349,1.1226823966127897,1.6931383716567991
119,2.377007036337349,1.1226823966127897,1.6314291370972274
120,2.377007036337349,1.1226823966127897,1.6291771166591151
121,2.416714632198634,1.1234580910882326,1.6580214873136252
122,2.4370898060818598,1.124855465254259,1.6720001654976546
123,2.434652716275778,1.1237306097890047,1.612368395559061
124,2.434652716275778,1.1237306097890047,1.5004711832595663
125,2.434652716275778,1.1237306097890047,1.4410273026638778
126,2.3705803209475937,1.122381025817353,1.404545027641838
127,2.368209740626646,1.1212586447915356,1.3959328371303594
128,2.458071540897458,1.129554521931913,1.4502974896082104
129,2.519815102284327,1.1366477571982931,1.4867270770262206
130,2.4610873460166935,1.13484870614858,1.4520768579141379
131,2.4586262586706766,1.1337138574424312,1.4141150096063988
132,2.430253582633076,1.1321500568511609,1.3992101632016891
133,2.427823329050443,1.1310179067943098,1.3679391778001861
134,2.427823329050443,1.1310179067943098,1.36902528247538
135,2.3972598593861845,1.1278963973596168,1.3531598730319545
136,2.3948625995267983,1.1267685009622572,1.3122098962828606
137,2.3948625995267983,1.1267685009622572,1.3181597880918245
138,2.466714078823246,1.1312577704469855,1.3590258245481661
139,2.5518820301157743,1.1398618869082628,1.4059487517832607
140,2.5905660765986256,1.1430357271926248,1.4272615657082928
141,2.585842480641031,1.1429875739617208,1.4246591202338805
142,2.571609746268762,1.142917039819049,1.4168176546453453
143,2.5690381365224932,1.14177412277923,1.4108557200887408
144,2.5722742841683033,1.1406900307374008,1.4140437924846874
145,2.538148007999915,1.1398857132564748,1.3952837211837645
146,2.535609859991915,1.1387458275432183,1.3617288874594455
147,2.535609859991915,1.1387458275432183,1.3362095173743211
148,2.535609859991915,1.1387458275432183,1.26944040849428
149,2.535609859991915,1.1387458275432183,1.1881394662979945
150,2.535609859991915,1.1387458275432183,1.1327437625020542
151,2.535609859991915,1.1387458275432183,1.105228258058586
152,2.532043277685784,1.1375927657312437,1.1047788750920926
153,2.5197078397825154,1.1372760117766292,1.0993966877769543
154,2.5171881319427327,1.1361387357648525,1.0554077806372384
155,2.5171881319427327,1.1361387357648525,1.0327562590686516
156,2.4739461962674616,1.132181758722155,1.0160476398793887
157,2.4714722500711943,1.1310495769634328,0.9970482951567844
158,2.4566627189788206,1.1292112152924818,0.9920708407128158
159,2.454206056259842,1.1280820040771893,0.7644480485873799
160,2.454206056259842,1.1280820040771893,0.582304099816557
161,2.454206056259842,1.1280820040771893,0.5367744862827237
162,2.454206056259842,1.1280820040771893,0.49871571359026445
163,2.454206056259842,1.1280820040771893,0.5263177946588395
164,2.620005143163975,1.1462884346980016,0.5624006255479284
165,2.617385138020811,1.1451421462633036,0.6212149431124384
166,3.110311315389485,1.1981987922387707,0.7388281523878264
167,3.127350610324044,1.1998398227129687,0.7428756928164009
168,3.12422325971372,1.1986399828902559,0.6591350008630843
169,3.12422325971372,1.1986399828902559,0.6294993488034714
170,3.0941393407331907,1.1962468586972024,0.624067243128108
171,3.0910452013924576,1.1950506118385051,0.6139646222598212
172,3.1708998215802726,1.195772070386643,0.6304398598577164
173,3.1924303402521876,1.1973232318482505,0.6347205681543984
174,3.1892379099119355,1.1961259086164022,0.6015464168240133
175,3.1892379099119355,1.1961259086164022,0.5871840844810599
176,3.317673530326465,1.200899546993701,0.6114180940198217
177,3.330305833877869,1.2018842422830645,0.6137461166205624
178,3.326975528043991,1.2006823580407815,0.5824307152709651
179,3.326975528043991,1.2006823580407815,0.5724963115082498
180,3.2437157120799234,1.1963558807103114,0.5587416998700616
181,3.2404719963678437,1.1951595248296012,0.5247136586221883
182,3.2404719963678437,1.1951595248296012,0.5423023616900242
183,3.4430572782654685,1.2129426661894396,0.5767478969572487
184,3.4826936471023844,1.213568405477052,0.5833874008987079
185,3.442056167917124,1.2121840448846664,0.5765802005637921
186,3.438614111749207,1.2109718608397817,0.5554034421450277
187,3.438614111749207,1.2109718608397817,0.5292754185263524
188,3.438614111749207,1.2109718608397817,0.5037886673567531
189,3.438614111749207,1.2109718608397817,0.47941159929594074
190,3.438614111749207,1.2109718608397817,0.4529447387694597
191,3.438614111749207,1.2109718608397817,0.4639754628385761
192,3.5861983817765553,1.2230572677737028,0.484353123806183
193,3.5826121833947786,1.2218342105059292,0.4594193118995073
194,3.5826121833947786,1.2218342105059292,0.4262477292203932
195,3.5826121833947786,1.2218342105059292,0.4305437542940581
196,3.8660624362568647,1.2444247391377092,0.4650381960578775
197,4.1770343716154725,1.2694489838258307,0.5024441692484732
198,4.446562281292471,1.2899271449212493,0.5348649526605481
199,4.484754377636156,1.2918616254075388,0.5394589766527037
200,4.480269623258519,1.2905697637821312,0.5427473014534658
201,4.474593508315789,1.2892233260036274,0.5426024347658162
202,4.470118914807474,1.2879341026776239,0.5323857649431695
203,4.458009046735275,1.2865478541475175,0.5314758800437636
204,4.453551037688539,1.28526130629337,0.535436770791988
205,4.663168251343258,1.29022109628523,0.561173841726593
206,4.699634570346872,1.292740370735538,0.5655622624795844
207,4.694934935776525,1.2914476303648026,0.5406920782020177
208,4.694934935776525,1.2914476303648026,0.52935296217998
209,4.902182230350161,1.2902262574067422,0.5532494055890046
210,4.989864082728105,1.2959955976168878,0.5631449848289415
211,4.984874218645377,1.294699602019271,0.5298453176862666
212,4.984874218645377,1.294699602019271,0.5047572949463869
213,4.984874218645377,1.294699602019271,0.48766943646408345
214,4.984874218645377,1.294699602019271,0.46861510280350865
215,4.984874218645377,1.294699602019271,0.4531034351690787
216,4.984874218645377,1.294699602019271,0.4562673475467731
217,4.936863709845809,1.291992157470178,0.45232919558832924
218,4.931926846135963,1.290700165312708,0.4361040494213626
219,4.931926846135963,1.290700165312708,0.4456665715867148
220,3.2968869649854096,1.207053546781335,0.29836417924075687
221,3.2935900780204244,1.2058464932345536,0.1867675413031133
222,3.2935900780204244,1.2058464932345536,0.17795721084224875
223,3.2935900780204244,1.2058464932345536,0.17118044122412235
224,3.2935900780204244,1.2058464932345536,0.1575825896290147
225,3.2935900780204244,1.2058464932345536,0.1415398156090197
226,3.2935900780204244,1.2058464932345536,0.1423388271954032
227,3.322089783232643,1.2069278021634806,0.1437128355744331
228,3.31876769344941,1.205720874361317,0.14366961432735573
229,3.4812478798151574,1.2146540302384228,0.150847059085716
230,3.5606606730728005,1.2151975047907402,0.15428812008747766
231,3.354898986265561,1.209354842243364,0.1453721949942504
232,3.3515440872792954,1.2081454874011206,0.1289544997884073
233,3.3515440872792954,1.2081454874011206,0.11853240423018217
234,3.3515440872792954,1.2081454874011206,0.11636441225004089
235,3.217886917581043,1.202711763435484,0.11184024752410299
236,3.214669030663462,1.2015090516720486,0.10973135457910974
237,3.622442159292382,1.222512760465293,0.12376024754522748
238,3.875977641806302,1.2425931478161414,0.1324222530922121
239,3.8721016641644956,1.2413505546683252,0.13448296904779528
240,3.6747388181977527,1.2355164924798745,0.12776279172964802
241,3.671064079379555,1.2342809759873947,0.12301593604331476
242,3.8571721270770505,1.2402978067622583,0.12937536060575575
243,3.940420429397401,1.2418258505529574,0.13216763400649556
244,3.8133374146956425,1.240994785720359,0.12790507835374437
245,3.8095240772809467,1.2397537909346386,0.12817121611594312
246,4.039347118824181,1.2483823095949076,0.13603177020416998
247,4.197625980363737,1.2517856878150393,0.1413620755945604
248,4.330090272460355,1.254710591390079,0.1458230321830079
249,4.279511086619504,1.2540864753404917,0.1441196935040039
250,4.275231575532884,1.2528323888651511,0.14970375731021732
251,4.405478505219406,1.260059823325582,0.1544142560578578
252,4.401073026714187,1.2587997635022563,0.14842862334781126
253,4.401073026714187,1.2587997635022563,0.14815261787851602
254,4.52369901889746,1.2587898127526904,0.15242870967205188
255,4.390682627714414,1.2558007220040854,0.14794664382537087
256,4.3862919450866995,1.2545449212820814,0.13343863671947026
257,4.3862919450866995,1.2545449212820814,0.11746226888532997
258,4.3862919450866995,1.2545449212820814,0.10757421838138202
259,4.3862919450866995,1.2545449212820814,0.11417992980308278
260,4.534014576434142,1.2630265165538554,0.11813948981445366
261,4.529480561857708,1.2617634900373016,0.11512221939127643
262,4.46119619462623,1.259697728442524,0.11350181194052984
263,4.456734998431604,1.2584380307140814,0.11568764387108675
264,4.733904476000323,1.2685505416961913,0.12299807920002086
265,5.050397611509748,1.2732603831258944,0.13122132239071185
266,5.256904995468922,1.2817543729128082,0.13658687458898097
267,5.251648090473453,1.2804726185398954,0.12853551271736155
268,5.251648090473453,1.2804726185398954,0.1212096602894542
269,5.251648090473453,1.2804726185398954,0.1180174487007241
270,5.251648090473453,1.2804726185398954,0.11906952433917897
271,5.577045714233454,1.2868538248280816,0.1265662664749953
272,5.7044234179078455,1.29008067779243,0.12945699414916176
273,5.698718994489938,1.2887905971146376,0.13181798051075433
274,5.7834269282704955,1.2894772391928164,0.133909191255672
275,5.777643501342225,1.2881877619536235,0.12546866862274847
276,5.777643501342225,1.2881877619536235,0.11706069585418732
277,5.777643501342225,1.2881877619536235,0.11654583003267178
278,5.782795506891833,1.287001064599181,0.11676630141002707
279,5.777012711384941,1.2857140635345818,0.12506612067961906
280,6.3047114389928485,1.3141105267549622,0.13661529750364354
281,6.722114226820951,1.3175142552083192,0.14565989955875294
282,7.620649566050018,1.3505161155936518,0.16513004880731644
283,8.461593279178238,1.387773701939913,0.1833522587632384
284,8.617971508648273,1.3911609979382293,0.18674078154479087
285,8.609353537139624,1.389769836940291,0.182261599807089
286,8.609353537139624,1.389769836940291,0.17686254340166205
287,8.609353537139624,1.389769836940291,0.18353201539598168
288,9.0881414119779,1.4065126168716797,0.1939222259078705
289,9.079053270565922,1.405106104254808,0.19234006448707144
290,9.079053270565922,1.405106104254808,0.1925017606026869
291,8.929489261026989,1.4029435093827731,0.18952307982905084
292,8.920559771765962,1.4015405658733904,0.18995874622315018
293,9.253683581774336,1.4056198427457733,0.1972424056905493
294,9.255723922449189,1.4056402700769164,0.19728589558293427
295,9.24646819852674,1.4042346298068396,0.20035791030059524
296,9.366063948787785,1.4053035709451842,0.20314973925569466
297,9.356697884838997,1.403898267374239,0.21238973597342456
298,9.866570374595181,1.4219709239200886,0.2241758331019277
299,9.856703804220587,1.4205489529961686,0.2289420240459212
300,10.107174071367275,1.4237655819779476,0.23498864823460028
301,9.960816650513085,1.4235736934371057,0.23158588379789594
302,9.95085583386257,1.4221501197436686,0.22418584928150623
303,9.95085583386257,1.4221501197436686,0.2237113622036359
304,9.94131739283103,1.4207326176537225,0.22372063395661484
305,9.931376075438198,1.4193118850360689,0.20672052251157255
306,9.931376075438198,1.4193118850360689,0.1924825620582235
307,9.931376075438198,1.4193118850360689,0.19509103570328376
308,10.338514199144754,1.4239850370960563,0.20328391049270506
309,10.053496424967902,1.4206590217111015,0.19767966924695718
310,10.043442928542934,1.4192383626893903,0.18972956406444097
311,9.915099085497712,1.4171910658580251,0.18749476435457268
312,9.905183986412213,1.415773874792167,0.18665151108342662
313,10.316804268892229,1.4182447079429348,0.19459466139583217
314,10.434480790476726,1.4201788817452246,0.19681426567203442
315,10.42404630968625,1.4187587028634794,0.18684693705299762
316,10.42404630968625,1.4187587028634794,0.1892020451371937
317,10.845590251404952,1.428570655801734,0.1970424963727974
318,10.834744661153547,1.4271420851459322,0.201009856517959
319,11.256937855995602,1.4323836641003274,0.20904353767150635
320,10.512804672431272,1.4263187346540072,0.19522483891159478
321,10.50229186775884,1.4248924159193532,0.18498199977731772
322,11.322324471916355,1.436182170310565,0.19961061683406184
323,12.13113399453498,1.4564984884077088,0.21386978844777213
324,12.556327074591994,1.4612939740509108,0.22136586870887687
325,12.698554737047669,1.4625623734340953,0.22387331773173982
326,12.685856182310621,1.4610998110606612,0.21766150097245868
327,12.685856182310621,1.4610998110606612,0.21246307988505972
328,12.112972777843066,1.458774784979367,0.20308087542504796
329,12.100859805065223,1.4573160101943876,0.1919608988712408
330,12.100859805065223,1.4573160101943876,0.19022281444353098
331,13.229881262558813,1.458066959467808,0.20816100249939234
332,14.13502767953713,1.483006035977356,0.22240271652748164
333,14.120892651857593,1.4815230299413786,0.21355014681091647
334,14.120892651857593,1.4815230299413786,0.212953252830957
335,14.424647036835927,1.4825257392092082,0.21774704144155077
336,14.285252835446633,1.4819323371019637,0.2156428183802089
337,14.270967582611187,1.4804504047648617,0.2149978911037298
338,13.53449755502005,1.4740274544519865,0.20411767054684735
339,13.52096305746503,1.4725534269975344,0.1955794460245701
340,12.878168645502923,1.4641864882058144,0.18647706537226952
341,12.86529047685742,1.4627223017176085,0.17909031513296786
342,13.946295190003594,1.4766742900356038,0.1943174508137164
343,14.522786750920867,1.4893217078058687,0.20234986150106224
344,14.508263964169945,1.487832386098063,0.2133067510752319
345,15.178798354498152,1.5039074518201032,0.22337854348926114
346,15.163619556143654,1.502403544368283,0.24824091818867472
347,16.867158654215096,1.5434731838166593,0.2763774946266124
348,16.85029149556088,1.5419297106328427,0.29381977597603276
349,17.731378295964404,1.5609297976677836,0.3094771712947942
350,17.71364691766844,1.5593688678701159,0.3110268394221758
351,18.71002223003152,1.5720512756611937,0.3288328217455228
352,19.090626703807725,1.576582983721148,0.3355220304242764
353,19.071536077103918,1.575006400737427,0.33226367337341495
354,19.071536077103918,1.575006400737427,0.3266017353784477
355,19.071536077103918,1.575006400737427,0.3166949937580201
356,19.071536077103918,1.575006400737427,0.2962098522982874
357,19.071536077103918,1.575006400737427,0.27793626987405984
358,19.071536077103918,1.575006400737427,0.2655055060241699
359,19.071536077103918,1.575006400737427,0.2551836955332519
360,19.071536077103918,1.575006400737427,0.25779629941055515
361,18.761892062319113,1.5711135567454646,0.25386853452478236
362,18.743130170256794,1.569542443188719,0.2649594948113285
363,21.335001209549052,1.6226258549818442,0.3018640569204763
364,23.220445441402347,1.6584750509659796,0.32854077652008945
365,24.826740292579288,1.6783538990053481,0.3512678753200521
366,25.386703889094235,1.6860686403221719,0.35919067229163737
367,25.36131718520514,1.6843825716818497,0.3419143124127661
368,25.36131718520514,1.6843825716818497,0.3217583398725478
369,25.36131718520514,1.6843825716818497,0.3106109877087269
370,25.36131718520514,1.6843825716818497,0.30921961584734164
371,25.90982226804488,1.6842103538276885,0.31621652166526687
372,25.805890362670183,1.6835709967252044,0.3149480843418599
373,25.780084472307514,1.6818874257284793,0.30378715559345054
374,25.780084472307514,1.6818874257284793,0.2989144733842431
375,27.987837717728176,1.6817372663147638,0.32481180664582615
376,31.57298144338224,1.7355934258128225,0.36641905842280154
377,33.11065776404092,1.7531483451116845,0.3842645036046309
378,32.65518495016803,1.7512894048348722,0.3789785308530309
379,32.62252976521786,1.7495381154300373,0.36141405586801795
380,32.62252976521786,1.7495381154300373,0.35659271536503845
381,33.09169302549504,1.7494336900097984,0.3620776718871285
382,34.33523386702898,1.752361761651147,0.37568405861543147
383,34.87971125642426,1.7573740065245917,0.3816415388022426
384,34.844831545167835,1.755616632518067,0.3820351056769151
385,35.10295980075672,1.755376820665783,0.3852472321054406
386,35.06785684095596,1.7536214438451172,0.3492528210780561
387,35.06785684095596,1.7536214438451172,0.31945153576491553
388,34.77799977300983,1.7516775620318672,0.3171305269518301
389,34.74322177323682,1.7499258844698353,0.3143815142086755
390,35.87261100988262,1.7490180870725247,0.32491541712090244
391,37.06259656104096,1.7594565570085499,0.33569368613555384
392,36.689434023246456,1.75929618108434,0.33231377432517584
393,36.65274458922321,1.7575368849032555,0.317157366438349
394,36.65274458922321,1.7575368849032555,0.29771674091316325
395,36.65274458922321,1.7575368849032555,0.30499805294304305
396,38.9988924329064,1.7843437841212442,0.3248260234843898
397,39.511967038626956,1.7861865398565868,0.3290994777680916
398,41.45888955787722,1.7877298115682414,0.3453156075222448
399,43.532183232201724,1.8100801985977313,0.3625842963934682
400,44.39604590268651,1.8109339239942674,0.369779502682286
401,45.18018142617065,1.814905682755528,0.376310652878523
402,46.89690131790993,1.8157071789503831,0.39060939987062226
403,48.69588045789106,1.8319307521191777,0.40559329310237907
404,49.08093808103498,1.8321764714963014,0.4088004799924522
405,49.9148007083866,1.8343530185565406,0.4157458126539082
406,49.323620600970365,1.832937500383083,0.41082180913802735
407,49.27429698036939,1.8311045628826998,0.40281074620240603
408,47.64809641883468,1.827977816365376,0.3899195862212831
409,47.60044832241585,1.8261498385490105,0.40924052540184636
410,53.82963368616317,1.8845245471124614,0.46320462057522355
411,57.18200091043757,1.9138653483238968,0.4920517793205745
412,58.868248926392965,1.921031231885551,0.5065619630045314
413,59.03652266094168,1.9215175956405945,0.5080099604369279
414,58.97748613828074,1.919596078044954,0.498083336713243
415,58.97748613828074,1.919596078044954,0.4820298009511405
416,58.97748613828074,1.919596078044954,0.4727972798080638
417,60.401673540521905,1.9191533243345913,0.4846871783210063
418,62.625808269479485,1.9302819819902135,0.5025345246409886
419,63.302252853619564,1.932372938265279,0.5079625864405912
420,62.368824769423945,1.9322224766600862,0.5004723862892521
421,62.30645594465452,1.9302902541834261,0.4964373946443926
422,63.166301355529136,1.9295951675101892,0.5037847981082787
423,63.0879884168329,1.9293950878535056,0.5031602108336766
424,63.02490042841607,1.927465692765652,0.476454318135294
425,63.02490042841607,1.927465692765652,0.4712888756443724
426,65.24801292206881,1.9402239136632469,0.4883842001066271
427,65.76661946206417,1.9408500561732283,0.4922659924994194
428,64.07659626226557,1.938678088548819,0.4796160957189442
429,64.0125196660033,1.9367394104602702,0.4617542787362962
430,64.0125196660033,1.9367394104602702,0.44436164594843025
431,64.0125196660033,1.9367394104602702,0.4276578263545876
432,64.0125196660033,1.9367394104602702,0.41010803758315184
433,64.0125196660033,1.9367394104602702,0.38839515281285314
434,64.0125196660033,1.9367394104602702,0.387651120463863
435,64.95365628890923,1.9383379275951473,0.3937381670819988
436,63.03337464532488,1.9382044347812362,0.3820977419262065
437,62.97034127067956,1.9362662303464548,0.36993958369613694
438,62.97034127067956,1.9362662303464548,0.3719457646227086
439,62.937655528794075,1.9343969497787499,0.37212464611274526
440,62.87471787326528,1.9324625528289712,0.36420233297689025
441,62.87471787326528,1.9324625528289712,0.3639222245729329
442,60.63292500338428,1.9255478062197149,0.3513105299544482
443,60.5722920783809,1.9236222584134952,0.3298683879482826
444,60.5722920783809,1.9236222584134952,0.32513825769390176
445,60.96276449620818,1.9222267247813236,0.32755936289049903
446,63.097946089664994,1.9254158543004563,0.3390319187725693
447,66.33264337696005,1.94245181547944,0.3564122884347078
448,66.26932324682333,1.9422237147245083,0.35607206269761843
449,66.2030539235765,1.9402814910097839,0.3504104638248823
450,66.63637327877831,1.9390189102994577,0.3530544185777039
451,64.18388682086331,1.9369475686069848,0.34006059646727066
452,64.11970293404245,1.9350106210383777,0.3562745915987164
453,71.58021555524414,1.9898453816434665,0.39808444388342873
454,73.20901930147497,1.9966437977254716,0.40714283283188224
455,72.12333594426494,1.9964082631388227,0.4011049402083976
456,72.05121260832067,1.994411854875684,0.40645447855225614
457,75.2997647658201,2.0071912944340733,0.42518662839979593
458,78.35003970915304,2.0175308133814904,0.44241026944145845
459,80.63041793589439,2.0255648285331405,0.45528662214614274
460,80.92681640421739,2.026033765640749,0.45696026170930815
461,80.84588958781318,2.024007731875108,0.44917983341374684
462,80.84588958781318,2.024007731875108,0.4395679601845522
463,80.84588958781318,2.024007731875108,0.43525378273530235
464,80.49820314840908,2.021905535433182,0.4338171808339954
465,78.60798864622956,2.0216984136583838,0.4236305245555284
466,78.52938065758333,2.0196767152447253,0.4336260098128995
467,80.25377536889725,2.029249272472424,0.44358145290248724
468,80.17352159352835,2.0272200231999515,0.4263220208199797
469,80.17352159352835,2.0272200231999515,0.4201153416861506
470,77.78009641130835,2.0246812932328186,0.40799372731155403
471,77.70231631489705,2.0226566119395857,0.3977847252775549
472,78.79332317327425,2.022173588349172,0.4037677471491322
473,79.68212586078123,2.0235778630420884,0.40832231908926475
474,78.3629193321538,2.022405439367248,0.40156218984688
475,78.28455641282164,2.0203830339278808,0.39195703097123297
476,78.28455641282164,2.0203830339278808,0.39596710804254703
477,80.34650874774749,2.023625355325231,0.4067925307213238
478,79.91993293310401,2.0226979783049197,0.40463278715700624
479,79.8400130001709,2.0206752803266146,0.3894496955292244
480,79.8400130001709,2.0206752803266146,0.3836581938340825
481,80.57227567617154,2.0196148543392756,0.3875606211905158
482,81.44537499019343,2.020520244089586,0.3917603153118947
483,84.09352852272367,2.0238217681091615,0.404498195922344
484,86.53744052585581,2.033288159827768,0.4162536545601961
485,87.63741905480315,2.0341476921287813,0.4215446601622773
486,89.68230367112048,2.0375695358253094,0.43138075757310484
487,89.59262136744935,2.035531966289484,0.42028216257102285
488,89.59262136744935,2.035531966289484,0.41268992415148625
489,89.59262136744935,2.035531966289484,0.41769048499547207
490,99.5803574577958,2.0617289254597613,0.46467208072076305
491,107.02047428359057,2.1002392915102197,0.49938991719481723
492,106.91345380930699,2.0981390522187096,0.4882531697303492
493,106.91345380930699,2.0981390522187096,0.4757314551060492
494,106.91345380930699,2.0981390522187096,0.4781428350763755
495,107.7105325697532,2.0990335911195324,0.48218570699576985
496,107.60282203718344,2.096934557528413,0.5007277510616088
497,117.68001714417831,2.1444572666161297,0.5481225206918966
498,122.75831707660902,2.16759245442549,0.5717759040558972
499,125.92895211839661,2.1707715519305872,0.5865438868746747
500,127.59853779835683,2.1750672951090215,0.5943203771711513
501,127.47093926055847,2.1728922278139127,0.5949248310590424
502,126.96787025908847,2.170263095207592,0.5931718619901529
503,126.84090238882938,2.1680928321123845,0.5876302765467646
504,129.91613399811013,2.1672008264105944,0.6024648821047339
505,136.49691459713196,2.1866397356948992,0.6329821788078862
506,141.36501362210288,2.201236617238743,0.6555571940496108
507,146.65249661474598,2.2079673592081637,0.6800770340399223
508,152.4947956044464,2.226636591524832,0.7071697427261404
509,151.17537879243767,2.2247057592518718,0.7010511624572308
510,151.02420341364524,2.22248105349262,0.6844093379972203
511,148.24749402080644,2.217959663337598,0.6725102951837872
512,148.09924652678563,2.2157417036742606,0.6536051275198462
513,148.09924652678563,2.2157417036742606,0.6529429874086241
514,145.6585699871281,2.212259221783818,0.6428354257447554
515,145.51291141714097,2.2100469625620343,0.6323140366203858
516,150.2301875978961,2.2107985288465355,0.6534448749093021
517,154.24996937587164,2.2248392285170007,0.6709294154205775
518,154.09571940649576,2.2226143892884838,0.6875527843245072
519,158.69144381518552,2.235985151227678,0.7087457938817572
520,160.6404580639137,2.2370137643727506,0.7174504575850534
521,159.69430769440515,2.2357318403928805,0.7132247723266231
522,159.53461338671076,2.2334961085524876,0.7007485567982734
523,160.41843953418433,2.23137648522819,0.7053314716395847
524,161.19104979376695,2.2322558825613625,0.7087285021366874
525,161.0298587439732,2.2300236266788014,0.7124830149618556
526,164.5890326815169,2.2322203107541823,0.7289432046293249
527,163.79584402957133,2.230853629605774,0.7254302762865014
528,163.63204818554175,2.2286227759761683,0.7248987891403306
529,175.6470361941402,2.252770924575541,0.7788507321151721
530,186.39543170029285,2.2872344620862677,0.8265110621179945
531,171.72091745019338,2.275694219634439,0.7614416113901616
532,171.5491965327432,2.273418525414805,0.6815810560756298
533,171.5491965327432,2.273418525414805,0.6674795057112053
534,171.45790611617034,2.2711851988009224,0.6677917840072239
535,169.17642972434058,2.270838058278298,0.6589059226061283
536,169.00725329461625,2.26856722022002,0.6365213138754159
537,169.00725329461625,2.26856722022002,0.6412048414163241
538,179.3917316458931,2.2996164443602014,0.6812442239372176
539,184.80154563444944,2.3164838953461397,0.7017881168940765
540,180.8989852870476,2.3158321008726284,0.6869680542811474
541,180.71808630176054,2.313516268771756,0.6750335693589617
542,181.3364417048394,2.311641342157278,0.6780183366324268
543,185.44281499746307,2.313247840279807,0.6933720976485847
544,188.321569716112,2.319574857556907,0.704135783466839
545,188.13324814639589,2.31725528269935,0.6851888369970107
546,188.13324814639589,2.31725528269935,0.6721822755375685
547,184.76935623131965,2.3134043916400433,0.6608355906303163
548,184.58458687508832,2.311090987248403,0.6574543954017295
549,185.29302011277085,2.310185190882325,0.6606351511943289
550,185.10772709265808,2.307875005691443,0.6415934878768826
551,185.10772709265808,2.307875005691443,0.6102482352323089
552,185.10772709265808,2.307875005691443,0.5942080251325634
553,187.35244232974668,2.3070174496832307,0.6020079172691309
554,191.35394855994437,2.3112618805049565,0.614865707654062
555,200.38057659931349,2.322727465867744,0.6438704085182201
556,197.3542778372531,2.313957569885491,0.6341461914643768
557,197.15692355941584,2.3116436123156054,0.6170596128895391
558,202.35222844968075,2.320295180620892,0.6339368817132095
559,209.1422120652485,2.324892747819619,0.655208804800566
560,217.45166687421553,2.345770006617086,0.6812409859665042
561,219.31774634060721,2.347873256668649,0.687087111838291
562,221.94651134859458,2.3479994755944325,0.6953226084507472
563,229.6231338996136,2.358200337220551,0.719372228261544
564,232.69257767869223,2.363572885014104,0.7289883003592476
565,232.45988510101353,2.36120931212909,0.7199872274839457
566,232.45988510101353,2.36120931212909,0.7152062411255248
567,233.39198096223527,2.359011008060922,0.7187892143234452
568,229.11736027719942,2.356202825326707,0.7056244464892631
569,228.88824291692222,2.3538466225013805,0.6531494060482758
570,228.88824291692222,2.3538466225013805,0.6017617005348136
571,228.88824291692222,2.3538466225013805,0.5794277521174777
572,228.88824291692222,2.3538466225013805,0.5706167412301633
573,228.88824291692222,2.3538466225013805,0.5695529435251284
574,223.95857057878553,2.3489048563286694,0.557855770336201
575,223.73461200820674,2.346555951472341,0.5408892102333146
576,223.73461200820674,2.346555951472341,0.5318020186007058
577,223.73461200820674,2.346555951472341,0.532701833685814
578,223.18099975548387,2.343837955842211,0.5319164101765798
579,222.9578187557284,2.3414941178863686,0.5219498797008544
580,222.9578187557284,2.3414941178863686,0.5179724956092489
581,222.7407624491585,2.3391527790738875,0.5179862059200683
582,225.09031969228826,2.340203873035368,0.5234501283228598
583,224.5836334914942,2.3398545094748022,0.5222718237330061
584,224.3590498580027,2.3375146549653274,0.5175616919333471
585,221.65735969635838,2.334646959174993,0.5118468715037423
586,221.43570233666202,2.332312312215818,0.5181074875605324
587,229.15432481269696,2.344067301100574,0.5366853571202752
588,224.23499256742855,2.3393725148330144,0.5251641537347266
589,224.01075757486112,2.3370331423181816,0.4979228004249981
590,224.01075757486112,2.3370331423181816,0.481757491344974
591,224.01075757486112,2.3370331423181816,0.4682630977274642
592,224.01075757486112,2.3370331423181816,0.46777048545262573
593,223.81192541678158,2.3347241248302573,0.467823062417395
594,223.5881134913648,2.332389400705427,0.4488544434038042
595,223.5881134913648,2.332389400705427,0.5069612292677133
596,258.7379440802114,2.422307651957891,0.5871665297584809
597,262.002999608487,2.422658327655977,0.594576078175593
598,270.34742143536664,2.432109153346477,0.6135124781858323
599,273.2779034270153,2.435786311988632,0.6201627626954079
600,273.0046255235883,2.4333505256766434,0.6048883937893772
601,273.0046255235883,2.4333505256766434,0.5852083590902726
602,273.0046255235883,2.4333505256766434,0.5946925706653793
603,282.21442674261107,2.4501068164876236,0.6153491957097292
604,289.17207496230367,2.452861727473099,0.630519870311435
605,298.3173691689262,2.4654742734425863,0.6504605569004538
606,306.9575544696353,2.4722133449743624,0.6692998881739872
607,314.20668719069573,2.480767378546912,0.6851061247331337
608,315.8418066958681,2.4815130019976124,0.6886713906339971
609,317.2294495752496,2.4816994656711944,0.6916970507308797
610,317.6236112488782,2.481860135120959,0.6925564932180923
611,317.3059876376293,2.479378274985838,0.7093529204483205
612,323.89410596833187,2.4888572400808813,0.7247903313324278
613,323.5702118623635,2.4863683828408005,0.7270753990119627
614,335.8511821454836,2.492523525956187,0.7553983130929723
615,349.5502119452833,2.5175836119726465,0.7862102457343064
616,352.554307925479,2.519934680262432,0.792967074819476
617,352.20175361755355,2.5174147455821694,0.8057374009762152
618,358.6832783782538,2.5227189604588824,0.8213710228536569
619,361.3518439474323,2.523161668229033,0.8274819361948602
620,364.85924584214797,2.524724392423775,0.8355137527179137
621,365.7523158015753,2.5248868599975256,0.8375588488522285
622,365.3252151739141,2.524861460143632,0.8365808047098038
623,363.8156532127732,2.524735006953343,0.8331239654122224
624,363.45183755956043,2.5222102719463897,0.8243752566628315
625,363.45183755956043,2.5222102719463897,0.8045946658482731
626,363.45183755956043,2.5222102719463897,0.7705245455447829
627,363.45183755956043,2.5222102719463897,0.7530043207372173
628,357.347151402699,2.517924231082902,0.7411095555935671
629,356.98980425129633,2.515406306851819,0.7359805102717919
630,362.2506040013102,2.517230022594467,0.7475623077727568
631,368.5739418433982,2.5194097889411284,0.7606115310945238
632,376.07928054647266,2.525890738436244,0.7761000030515403
633,392.5080855301194,2.534210476454729,0.8100034810081405
634,398.29823663838204,2.5435564378118034,0.8219523878616682
635,397.89993840174367,2.5410128813739914,0.808389611739414
636,411.298051929604,2.5430095648796267,0.8364181508096639
637,431.3026980071166,2.5739311836901706,0.8770997173798325
638,434.09747625851514,2.5768590684896617,0.88278319496012
639,433.66337878225664,2.574282209421172,0.8767020523182596
640,431.00498726364395,2.5709166183065864,0.8722045000197086
641,430.5739822763803,2.56834570168828,0.871459347713498
642,434.5928217412556,2.5683420148896476,0.8804647291345089
643,433.99116748283024,2.568230859391343,0.8792458057488104
644,433.5571763153474,2.565662628531952,0.8704674518189548
645,433.5571763153474,2.565662628531952,0.8314081236885583
646,433.5571763153474,2.565662628531952,0.8030274288567103
647,438.8334385197312,2.5649856841722225,0.8136030618458503
648,442.37946617189033,2.5669705494944943,0.8201774445203306
649,452.0346966785776,2.5677458356302396,0.8380783709619581
650,459.6916284558682,2.5766852186802764,0.8522744248437281
651,459.23193682741237,2.574108533461596,0.8405014968927058
652,459.23193682741237,2.574108533461596,0.8581801144529166
653,472.0505151865686,2.590140777213157,0.8829927458178246
654,461.5110710626327,2.588775848475867,0.8632782186496686
655,461.04955999157005,2.586187072627391,0.8425277111818296
656,464.4877311766749,2.5838211557519304,0.8496531957605782
657,467.02129126839344,2.5852639261816797,0.8542876506322425
658,466.55426997712505,2.582678662255498,0.8549917839329418
659,475.01406090622544,2.5835496055925073,0.8713499062284139
660,532.8712885627475,2.6359794365137983,0.97748126957578
661,608.4513245951716,2.729448265229357,1.1161227598591463
662,636.9827786473489,2.7614455362596235,1.1684599049228015
663,652.6126335385183,2.772187012788387,1.1971307879863509
664,643.9518617288128,2.7687053191961932,1.1812437578427477
665,643.3079098670839,2.765936613876997,1.1572820377517832
666,647.9907320002802,2.763818794885782,1.1668635064933082
667,648.5995568112075,2.763994281500123,1.1679598423182447
668,647.9509572543964,2.761230287218623,1.1567435468720693
669,647.9509572543964,2.761230287218623,1.1387974803821157
670,647.9509572543964,2.761230287218623,1.13320538697463
671,650.3919212529092,2.7594201104120817,1.138607609208569
672,652.7409101002479,2.7594425479452376,1.1427198628945827
673,651.9462008269139,2.759250484210186,1.1413286063365622
674,651.294254626087,2.756491233725976,1.1275022006047957
675,651.294254626087,2.756491233725976,1.1709166201025756
676,696.3787408820168,2.8021269542880307,1.2531417973596948
677,701.9321946857358,2.807713527254447,1.2631353032963235
678,701.2302624910501,2.8049058137271925,1.2241212633919136
679,701.2302624910501,2.8049058137271925,1.2019006928248908
680,701.2302624910501,2.8049058137271925,1.2297784781232586
681,713.0162746874568,2.8145880825420813,1.2516779066683228
682,712.3032584127693,2.811773494459539,1.249933748055949
683,733.6963395968075,2.8167378576548496,1.2887237798324973
684,744.7208175861725,2.8273188919457497,1.3080880674517352
685,743.9760967685863,2.824491573053804,1.3108056868929678
686,771.7448766797291,2.8352463328313733,1.3610420894958155
687,788.2698371487164,2.85042373633143,1.3901853561441277
688,787.4815673115677,2.847573312595099,1.3434074010605233
689,787.4815673115677,2.847573312595099,1.3038357676004326
690,799.8648734484317,2.8448400719475155,1.3256426832274264
691,809.4066357245083,2.8515982215239934,1.3414565635042828
692,808.5972290887838,2.8487466233024694,1.3247464290384583
693,808.5972290887838,2.8487466233024694,1.3384578740615851
694,819.2529591292745,2.8535863536267025,1.3574345889856265
695,818.4337061701452,2.850732767273076,1.3617217652782674
696,812.8211210515154,2.8465172544968462,1.3537451872424788
697,812.0082999304639,2.8436707372423493,1.3656261948496695
698,831.1118583685461,2.857166931771697,1.3991199653259514
699,843.6109977009742,2.8595538675272683,1.4201614114481607
700,846.2882890304269,2.860777679256713,1.424668448273967
701,845.4420007413964,2.857916901577456,1.4253946998373257
702,851.0455262762063,2.857537979381658,1.4362675026275074
703,852.7123713593357,2.8576104602274395,1.4390805547509216
704,833.7816596511575,2.854379256365045,1.407132127565086
705,832.9478779915063,2.85152487710868,1.358136135573309
706,832.9478779915063,2.85152487710868,1.3598627572920494
707,841.5507869079664,2.853205588871717,1.3752676470540073
708,863.1542983274686,2.854560368434149,1.4105722427839527
709,867.271840754639,2.8579646767515388,1.4173011568002603
710,866.4045689138844,2.8551067120747873,1.4310225029493246
711,881.3601331858422,2.8652863385164284,1.457155321570807
712,880.4787730526564,2.862421052177912,1.4159725468469613
713,880.4787730526564,2.862421052177912,1.3938230260769497
714,894.666967309682,2.860912304978618,1.4176771655344285
715,900.8138322365886,2.864767416300599,1.4274174044891583
716,899.913018404352,2.8619026488842985,1.3783143579931065
717,899.913018404352,2.8619026488842985,1.366563354694047
718,908.7066326797086,2.865094042809111,1.3812834653119246
719,907.7979260470289,2.862228948766302,1.3657151902588345
720,907.7979260470289,2.862228948766302,1.235194622283012
721,907.7979260470289,2.862228948766302,1.121984618787885
722,944.0335582913955,2.8606605458879057,1.1678917046541144
723,944.918729516626,2.861331119083671,1.1689867760337973
724,943.9738107871093,2.8584697879645877,1.142784436593592
725,953.4198075092481,2.861629332620977,1.1553626421391392
726,952.4663877017389,2.8587677032883563,1.1445004692818337
727,933.5415443288084,2.8556617825200963,1.122904543001078
728,932.6080027844796,2.852806120737576,1.10728997295959
729,956.2506967582988,2.8540537153490946,1.1364683473461497
730,1004.1403023827887,2.8897868937202382,1.1933833604735904
731,1060.677039238466,2.930463261552391,1.2605751670955687
732,1109.4871586968948,2.9641766956547273,1.3185841766395476
733,1132.71879480751,2.9749862732082146,1.3461941111329616
734,1141.821729443687,2.976863296060024,1.3570126100026059
735,1140.6799077142432,2.973886432763964,1.3669891938888352
736,1144.7489929057997,2.972486609737708,1.3732325690418816
737,1143.604243912894,2.9695141231279703,1.3663952653050842
738,1136.6089441803892,2.966382438272755,1.3594035729847924
739,1135.472335236209,2.963416055834482,1.3761989032084518
740,1190.6902046662922,2.990231685504562,1.4444994726921023
741,1247.2627770858096,3.0257499710158537,1.5131311375101828
742,1246.5814818440501,3.0254490864175363,1.5123046163767995
743,1245.334900362206,3.022423637331119,1.4775775655718344
744,1245.334900362206,3.022423637331119,1.4920657943654307
745,1270.2042416901193,3.0323262169172223,1.5233544181081724
746,1285.6606663338698,3.0342119529391036,1.5418912895784518
747,1283.006090314541,3.033498816400924,1.5387076597537965
748,1281.7230842242266,3.030465317584523,1.508150802535789
749,1281.7230842242266,3.030465317584523,1.4758529763936252
750,1281.7230842242266,3.030465317584523,1.45285091067703
751,1281.7230842242266,3.030465317584523,1.4906283529008537
752,1314.735878401116,3.047706068885857,1.5305124592321404
753,1313.421142522715,3.0446583628169708,1.5098003433169986
754,1313.421142522715,3.0446583628169708,1.5004414891298066
755,1326.6041494672797,3.0441520075945587,1.5170020891093954
756,1338.0485499383146,3.0465224758561424,1.5300890219598136
757,1347.7657887256573,3.047599679882809,1.5412009060487435
758,1387.8219813035948,3.054749106416866,1.587006075470911
759,1435.7710311518313,3.08113439198495,1.6418369071246448
760,1456.4694941603914,3.0869171537786184,1.6655060714627394
761,1455.0130246662309,3.08383023662484,1.666599085943103
762,1432.1087790596812,3.07470410379029,1.6420307344513023
763,1430.6766702806215,3.0716293996864996,1.6092197427081998
764,1447.7864263293702,3.071645064713071,1.630073951761572
765,1473.4732905035758,3.0777614603866446,1.6589949911022768
766,1467.3636621520902,3.075999521515161,1.6521161132169864
767,1465.896298489938,3.072923521993646,1.6262120681982228
768,1474.6392253792878,3.0698651666488175,1.6375373655519776
769,1494.1227248803139,3.0748128363559615,1.6591731378110788
770,1518.4612461549088,3.078326636262431,1.6862002487976184
771,1525.6473683430231,3.0806858933790022,1.6941801962952394
772,1524.12172097468,3.077605207485623,1.6821357335971632
773,1504.6168538307998,3.0737587534303747,1.6622908262145424
774,1503.112236976969,3.0706849946769443,1.5823204156132098
775,1503.112236976969,3.0706849946769443,1.512153389267184
776,1503.112236976969,3.0706849946769443,1.5207246546288806
777,1521.8487215966204,3.074695959013902,1.5412014049223424
778,1501.00732302455,3.073819208671723,1.5200949754172322
779,1499.5063157015254,3.070745389463051,1.4893372586789306
780,1499.5063157015254,3.070745389463051,1.456857291338933
781,1499.5063157015254,3.070745389463051,1.4669617499265741
782,1520.3097901224974,3.079092864615791,1.4887806774678978
783,1518.7894803323748,3.0760137717511755,1.4623159976413247
784,1518.7894803323748,3.0760137717511755,1.4425912356964612
785,1518.7894803323748,3.0760137717511755,1.432111916098241
786,1518.7894803323748,3.0760137717511755,1.4160085620021885
787,1518.7894803323748,3.0760137717511755,1.3962947048434482
788,1518.7894803323748,3.0760137717511755,1.3993903547870477
789,1522.8084052438767,3.0743998936759587,1.4044927236194957
790,1521.2855968386327,3.071325493782283,1.371612803706964
791,1521.2855968386327,3.071325493782283,1.3138814584855685
792,1521.2855968386327,3.071325493782283,1.305167119145655
793,1552.6274167683312,3.0828029383428364,1.3333615915414916
794,1605.5558477458187,3.089326966489387,1.378815340588915
795,1664.5288646300644,3.117695168631269,1.4294600443997287
796,1671.8962389316837,3.118900746248585,1.4357869801592011
797,1709.0295865433443,3.1200325850555815,1.4676762659827136
798,1786.067376873735,3.1551929500375664,1.5338345919367735
799,1827.961397858103,3.1736950123575745,1.569812237244659
800,1862.1900475146513,3.176510767477385,1.5992070336326847
801,1933.2554528654364,3.2013578778774754,1.6602364093597286
802,2003.4361989218316,3.2304116798375255,1.7205060595325279
803,2028.4308120555047,3.237736727610512,1.7419708725249747
804,2026.402381243449,3.2344989908829014,1.718081113535002
805,2026.402381243449,3.2344989908829014,1.6924744912316478
806,2026.402381243449,3.2344989908829014,1.6911970299985264
807,2050.9037270015237,3.2331992266842366,1.7133365859332335
808,2037.2000810289796,3.2301813357120075,1.701888482496529
809,2035.1628809479507,3.2269511543762954,1.693962770648319
810,2085.238868994431,3.2376189186631796,1.737337357730795
811,2033.5655069641823,3.2240235372515533,1.6942851858239905
812,2031.5319414572182,3.2207995137143017,1.6419359225363048
813,2054.4689472021905,3.2213373511316297,1.6621161314338049
814,2012.4232223783297,3.2153230485959954,1.6281001013629994
815,2010.4107991559513,3.2121077255473995,1.608571100046832
816,2032.1047369083285,3.216089813589458,1.6275374376935663
817,2030.07263217142,3.212873723775868,1.6421160051727521
818,2067.76283762961,3.219299529641711,1.6742455474110165
819,2115.067021318379,3.227801119268149,1.7125472411418237
820,2144.9391468542003,3.236871216158512,1.7367343830421902
821,2175.248823629053,3.237552571705712,1.7612758055207645
822,2156.4163080017115,3.2320336791698687,1.7460273181885473
823,2154.25989169371,3.228801645490699,1.7396301001173176
824,2185.052726174562,3.2377220760178336,1.7662358765618782
825,2182.8676734483874,3.2344843539418155,1.768869064402766
826,2246.790830618566,3.2406076747265766,1.822437543948669
827,2298.360141677297,3.2592026305764805,1.8642669155609453
828,2263.897143327335,3.258671097653579,1.8363129728912038
829,2261.6332461840075,3.2554124265559254,1.8001497095719718
830,2261.6332461840075,3.2554124265559254,1.7946843121191085
831,2255.470814389017,3.251833752385304,1.7915888933671549
832,2253.215343574628,3.2485819186329183,1.7961861236782213
833,2253.1000981811153,3.245664123108301,1.7978904401200975
834,2250.846998082934,3.2424184589851928,1.8196596078986427
835,2233.055531222451,3.233676369818472,1.8070960537035319
836,2230.8224756912286,3.230442693448653,1.8122685435442352
837,2309.6666561366214,3.256563325713174,1.8781319993156813
838,2336.9629633273844,3.261295794200714,1.90032830537652
839,2322.056462311814,3.2597536352928724,1.8882069126721703
840,2319.7344058495023,3.2564938816575797,1.8435027162867306
841,2319.7344058495023,3.2564938816575797,1.800628193225215
842,2319.7344058495023,3.2564938816575797,1.7728483627672735
843,2319.7344058495023,3.2564938816575797,1.7268182855999594
844,2319.7344058495023,3.2564938816575797,1.879058798379139
845,2602.1990986427236,3.3531840392575076,2.10974326045393
846,2603.3915019019987,3.3534347036970584,2.1107100061350392
847,2600.7881104000967,3.3500812689933612,2.048433307192865
848,2600.7881104000967,3.3500812689933612,2.0224606362139155
849,2616.8960812316514,3.3495772379319564,2.0370091987674015
850,2598.0640273278414,3.3488168711735806,2.0223502035903023
851,2595.4659633005135,3.345468054302407,2.035105735217319
852,2608.877278856608,3.3461388225753774,2.047656657993076
853,2606.2684015777513,3.342792683752802,2.0384622792313807
854,2611.822500075373,3.3401322495913437,2.0448448145445646
855,2610.026275498777,3.340067803523419,2.043438516639135
856,2636.9860147524814,3.3406589891326792,2.0645458020740453
857,2723.197427679286,3.358697639152574,2.132042333968096
858,2839.5173433213827,3.3945638806232186,2.223111377259567
859,2893.4898277733287,3.41069453102222,2.26536744747738
860,2890.596337945555,3.4072838364911977,2.2906791162365074
861,2976.637070613155,3.4240794481478583,2.361153549300014
862,3069.139526347868,3.4506812600307555,2.434529139436031
863,3135.653192958311,3.465402690295791,2.487289679692911
864,3111.073262936259,3.4621676091050317,2.4677921770964124
865,3107.962189673323,3.4587054414959266,2.496647947710855
866,3283.4952835085282,3.504947050508125,2.6401515679876164
867,3426.1464068205332,3.543015068788467,2.754852688095501
868,3529.0109047012465,3.5664934947654956,2.837562679102351
869,3584.6700229398884,3.579850720851837,2.8823163624801262
870,3581.0853529169485,3.576270870130985,2.779899424103601
871,3581.0853529169485,3.576270870130985,2.7019016864360164
872,3626.116038770538,3.579186691295669,2.7385788984149255
873,3685.1660288527046,3.584922069923667,2.783175666709594
874,3770.853926244985,3.5986569991196826,2.8478903821624417
875,3836.1671655379923,3.611839600623441,2.897217391282536
876,3893.0853973925236,3.6169702027770883,2.9402041757718593
877,3942.797047183034,3.6248690931138157,2.9777482790675287
878,3938.854250135851,3.621244224020702,2.909607368685619
879,4033.506158340378,3.6188577648973705,2.982435757528016
880,4087.383450987829,3.6309424284131135,3.022273446576363
881,4083.296067536841,3.6273114859847,2.9651880133372073
882,4083.296067536841,3.6273114859847,2.950867502438183
883,4080.3682086622857,3.623745864384736,2.95170249995183
884,4076.2878404536236,3.620122118520351,2.850661141379686
885,4076.2878404536236,3.620122118520351,2.7976569011815124
886,4161.568516164218,3.635532049540183,2.858984789576997
887,4204.9813579781585,3.6409445010947046,2.8888092785734605
888,4311.695936946445,3.64752074650139,2.9621218665823816
889,4371.727349838704,3.660216784624696,3.00336326287062
890,4367.355622488865,3.656556567840071,2.924196783034477
891,4367.355622488865,3.656556567840071,2.8491726863929454
892,4367.355622488865,3.656556567840071,2.798220245149628
893,4367.355622488865,3.656556567840071,2.7556453702338617
894,4367.355622488865,3.656556567840071,2.7238941604261417
895,4367.355622488865,3.656556567840071,2.7087193950116752
896,4353.768036694048,3.6525273013644033,2.7030008278847726
897,4349.414268657353,3.6488747740630387,2.682187030472773
898,4349.414268657353,3.6488747740630387,2.5555809448455027
899,4349.414268657353,3.6488747740630387,2.454204680024955
900,4296.829711458429,3.64200708731491,2.4269874718656417
901,4292.532881746971,3.638365080227595,2.450006928474987
902,4360.629077837611,3.6500659467240864,2.4913235339411903
903,4356.268448759773,3.6464158807773623,2.5202234626349065
904,4493.144435067012,3.672324090758019,2.6019302826584134
905,4995.239569922886,3.77491683433828,2.8926880259352497
906,5656.80654331879,3.8999038479717907,3.2757941483761597
907,5796.745815237895,3.9240230087058743,3.356831434090314
908,5790.949069422657,3.920098985697168,3.31262413019081
909,5790.949069422657,3.920098985697168,3.293105878200087
910,5790.949069422657,3.920098985697168,3.3143169453488786
911,5793.559971629139,3.9168342367774476,3.3191255523185137
912,5787.76641165751,3.9129174025406703,3.314408911301122
913,5815.87598963347,3.9105494920811115,3.3338204860463416
914,5923.707327507448,3.914638924640297,3.3956323822908328
915,6118.372825470447,3.9467997444394034,3.507220013490713
916,6246.352780692889,3.9674388616104976,3.5805816527836374
917,6263.77379810115,3.9684813889932737,3.59056786033465
918,6257.510024303048,3.9645129076042807,3.6327067379688063
919,6215.149063451319,3.954829962114927,3.61174740293373
920,6208.933914387868,3.950875132152812,3.6107281527943624
921,6422.053233343867,3.981815051156675,3.7382757653574736
922,6617.657188244771,4.012134745785111,3.8521367842007246
923,6567.946346273512,4.004600108124014,3.8232001140946887
924,6561.378399927238,4.0005955080158895,3.768051539841774
925,6483.176365233005,3.989799428628781,3.72690992769698
926,6476.693188867772,3.985809629200152,3.5833818410745404
927,6476.693188867772,3.985809629200152,3.457225066638304
928,6476.693188867772,3.985809629200152,3.367929531386634
929,6476.693188867772,3.985809629200152,3.3733468862534624
930,6376.304323540147,3.96741113308555,3.324433293432655
931,6369.928019216607,3.9634437219524643,3.2925342008396594
932,6433.867166233646,3.9704170604519144,3.3288760611382218
933,6427.433299067412,3.9664466433914627,3.301785097279914
934,6534.675790793443,3.964178945229797,3.360177560802056
935,6089.749590723621,3.896701723292374,3.131393290311719
936,6083.659841132897,3.8928050215690817,2.8159849392380254
937,6083.659841132897,3.8928050215690817,2.6927024182092687
938,6083.659841132897,3.8928050215690817,2.704759222251005
939,6449.609872905178,3.948426335545161,2.870163203515034
940,6414.086664075768,3.9429895426216715,2.85435489745279
941,6407.672577411692,3.93904655307905,2.8491408063885473
942,6832.0806481325735,4.001317321718214,3.0407009554811837
943,6921.2398967379095,4.014371706766107,3.0803823682728098
944,6914.318656841172,4.01035733505934,3.1110882252441945
945,7062.496473321869,4.0288356317995255,3.18087171938168
946,7055.433976848548,4.024806796167726,3.1835239154981196
947,7205.315860307095,4.039224021616801,3.2543365267321156
948,7482.861659388017,4.076231594849053,3.3796922292858134
949,7472.546054054522,4.074826758093597,3.375033106509936
950,7465.073508000467,4.070751931335503,3.305453174318928
951,7174.587035858648,4.044674625158404,3.180134384154072
952,7167.412448822789,4.040629950533245,3.036254764666684
953,7118.261760617685,4.036151308123973,3.01846983573152
954,7111.143498857067,4.032115156815848,3.0281481663304755
955,7017.247907304038,4.019872357170122,2.9911926236271844
956,7010.230659396733,4.015852484812952,2.7364909588513084
957,7010.230659396733,4.015852484812952,2.58961760306705
958,7122.315750834303,4.028892748895845,2.633612067376415
959,7759.510372947933,4.068793522564911,2.8692269298415107
960,8212.118387022949,4.128126150121853,3.03658737402283
961,8203.906268635927,4.123998023971731,2.9492929213792998
962,8285.741795811608,4.120020513605503,2.981661972780771
963,8808.985891217753,4.185065275433165,3.1699537467946826
964,9096.067165318114,4.2191626700226585,3.273261252528833
965,9086.971098152797,4.214943507352636,3.2623647889978358
966,9326.218149954946,4.235717675843909,3.3515205883801857
967,9971.36504879973,4.308969772219274,3.58336409442324
968,10593.925522048286,4.3762272201082535,3.807090819453185
969,11169.578307425818,4.419376513749834,4.0139605420921
970,11722.315979285671,4.474050822350594,4.212595364634888
971,12119.767951223845,4.488182237422828,4.355425871644798
972,12107.64818327262,4.483694055185405,4.284623514239252
973,12323.481348788859,4.48632877879594,4.36528662531156
974,12396.489558389361,4.492973387217636,4.391147966915192
975,12384.093068830973,4.488480413830418,4.333418317323808
976,12384.093068830973,4.488480413830418,4.203048066378059
977,12384.093068830973,4.488480413830418,4.196486627190131
978,12829.02776049228,4.525429493614358,4.351454145103336
979,13274.60158932038,4.562285858294034,4.502587506149957
980,13742.157756253215,4.602458907443622,4.661177015709989
981,13901.51408457439,4.614849545462995,4.715228793316792
982,13907.23130727266,4.6149037339276475,4.717168007485887
983,13864.399453547214,4.614499842403893,4.702639950417523
984,13850.535054093667,4.609885342561489,4.666267013793366
985,13850.535054093667,4.609885342561489,4.758966267319469
986,14107.294740952888,4.627792314702653,4.8519464238728185
987,14093.187446211936,4.62316452238795,4.7449815972469365
988,14093.187446211936,4.62316452238795,4.739798894138703
989,14484.93115729264,4.651824296134611,4.876289328980367
990,14613.434825064514,4.6613683182576615,4.919549532089814
991,14861.35188903929,4.661781052084975,5.0030097377618095
992,15258.894740195807,4.692956845255583,5.136840816546811
993,15281.173887868936,4.69433818266905,5.144340995103239
994,15265.892713981068,4.689643844486381,5.0371362535763655
995,15265.892713981068,4.689643844486381,4.883563643156795
996,15265.892713981068,4.689643844486381,4.865297038666962
997,15395.343317059187,4.696068336519868,4.911418726511573
998,15379.947973742128,4.691372268183349,4.880296485245659
999,15379.947973742128,4.691372268183349,4.921748070018607
1000,15472.671750335083,4.694924662675388,4.956342419665064
1001,15457.199078584748,4.690229738012713,4.9439649160003585
1002,15577.740904554732,4.688207471200681,4.9874640263522405
1003,15976.013342358703,4.708184604007111,5.114977346056649
1004,16594.86208552732,4.753778802984624,5.313111713755903
1005,16882.268414358998,4.774361470481379,5.405129467471068
1006,16865.386145944638,4.769587109010898,5.52158981641197
1007,17481.608532424256,4.809577352080951,5.728857587690647
1008,17915.880925773174,4.839446838401545,5.871171991490908
1009,17516.1620156457,4.812453769739722,5.740181029933799
1010,17498.645853630052,4.807641315969983,5.507552567928376
1011,17498.645853630052,4.807641315969983,5.5227946301811
1012,17545.975958777715,4.807199477959118,5.543255406455225
1013,17528.429982818936,4.802392278481159,5.449797890256144
1014,17528.429982818936,4.802392278481159,5.44413507795456
1015,17171.13881842688,4.774318065311675,5.3386085577589615
1016,17153.967679608453,4.769543747246364,5.159712824182107
1017,17153.967679608453,4.769543747246364,5.206582238721351
1018,17345.67392575211,4.779292243078869,5.269975612194968
1019,17185.680340300354,4.779008556852403,5.221366241521477
1020,17168.494659960055,4.77422954829555,5.2789546624143
1021,16587.378697282642,4.730249571260049,5.105552557301935
1022,16570.791318585358,4.725519321688789,4.9416679021805825
1023,16291.661880103968,4.7020752340080145,4.863368826766533
1024,16275.370218223863,4.697373158774006,4.6406018743895645
1025,16275.370218223863,4.697373158774006,4.604259171489531
1026,16310.406036884953,4.694736278423803,4.618774971058445
1027,16225.315363192152,4.693165261350543,4.594679024395068
1028,16209.09004782896,4.688472096089192,4.548945795544933
1029,16209.09004782896,4.688472096089192,4.586124272499918
1030,16063.346080540396,4.674416647567815,4.549474279015021
1031,16047.282734459855,4.669742230920248,4.451123971528357
1032,16191.652441060196,4.668146394760458,4.4956197231446255
1033,16041.6989575803,4.65733828212593,4.453985069711914
1034,16025.65725862272,4.652680943843804,4.482474104785606
1035,16463.37100487496,4.680961462489171,4.609387784127149
1036,16926.616623959446,4.69365003053546,4.739086537622176
1037,17470.679587709263,4.731366385834765,4.891412399571215
1038,17667.35499219851,4.739945315550636,4.946477258804634
1039,17466.218659518057,4.731046527746826,4.89016343616607
1040,17448.752440858538,4.726315481219079,4.911236217957877
1041,17931.250400233166,4.755444105967069,5.051954381416237
1042,18142.976434514392,4.765954622047792,5.1116061202895615
1043,17779.81000505749,4.751983878191132,5.009287531595143
1044,17762.030195052434,4.747231894312941,4.883641914554248
1045,17628.112592813628,4.74114517565474,4.851705125008653
1046,17610.484480220814,4.736404030479085,4.814893251520186
1047,17766.027769802742,4.732468897867937,4.862235329993011
1048,18082.22294484873,4.753525712747295,4.948772138963618
1049,18162.831074644087,4.7575305597722375,4.970833102824197
1050,18242.23139445508,4.757775869359182,4.992563511286912
1051,18014.855567686158,4.7469527940052325,4.930334925785016
1052,17996.840712118472,4.742205841211227,4.860911327992378
1053,18245.91048532687,4.747865055257601,4.933045495855554
1054,18897.68400883416,4.790265415857459,5.109261884017777
1055,19169.54996038347,4.807493850633475,5.182764771628967
1056,19150.380410423084,4.802686356782841,5.130338543643707
1057,19430.381481694185,4.80238172896645,5.210480461979355
1058,19476.431124436695,4.805227117812011,5.222829203768961
1059,19456.95469331226,4.800421890694199,4.975796574425647
1060,19456.95469331226,4.800421890694199,4.739431113893295
1061,19456.95469331226,4.800421890694199,4.734547920631091
1062,19635.106011472446,4.807809952224221,4.782632826624094
1063,20063.6533378005,4.8102837567641865,4.887016500919563
1064,20185.153562765987,4.817566211120263,4.916610991727131
1065,20164.968409203222,4.812748644909143,4.910487743869923
1066,20471.87596294498,4.827451397179309,4.99013505988783
1067,20330.05453243536,4.825373237780667,4.955565287488344
1068,20309.724477902924,4.8205478645428865,4.861005795878506
1069,20309.724477902924,4.8205478645428865,4.820193781108199
1070,20401.763978958974,4.819098536384344,4.846858103355421
1071,20370.86369124207,4.818405719164758,4.839517105289217
1072,20350.49282755083,4.813587313445593,4.792785380415756
1073,20350.49282755083,4.813587313445593,4.651712336947055
1074,20350.49282755083,4.813587313445593,4.510522090984001
1075,20350.49282755083,4.813587313445593,4.442800865941544
1076,20350.49282755083,4.813587313445593,4.445781875949334
1077,20996.07028361051,4.847036551429033,4.59126092802629
1078,21915.464242421367,4.900098101320561,4.792307004912723
1079,22651.646797581347,4.941249029049735,4.953289805777083
1080,22760.404565841633,4.947180156503956,4.977072127196657
1081,22737.64416127579,4.942232976347452,4.928395718266522
1082,22626.75742822375,4.936659961620973,4.909289359262179
1083,22604.130670795526,4.931723301659352,4.845901180262532
1084,22604.130670795526,4.931723301659352,4.719266105636152
1085,22604.130670795526,4.931723301659352,4.703852555897025
1086,23631.34059063374,4.984053152477792,4.922315746391826
1087,24458.682857692293,5.027676553978187,5.094647902207478
1088,22045.713900940435,4.998345110597222,4.59203591344532
1089,22023.668187039493,4.993346765486624,4.119422597535047
1090,21573.94317805267,4.988181275783259,4.039423091852179
1091,21552.369234874615,4.9831930945074765,3.970393901063672
1092,21684.58059145616,4.981145390069221,3.998720371927881
1093,21800.47611092714,4.987129105807864,4.0200919531198345
1094,21533.531802092333,4.983287183297524,3.9708663920624754
1095,21511.99827029024,4.978303896114226,4.037443878924317
1096,21709.557268967088,4.985999937761521,4.078559857298841
1097,21687.84771169812,4.98101393782376,3.984146917399455
1098,21687.84771169812,4.98101393782376,3.9782435467671355
1099,21746.72451706253,4.97933490594085,3.9930216757662924
1100,21849.670666562255,4.980376704931835,4.011924118111877
1101,22308.764355232463,4.998506471550443,4.096220539332891
1102,22971.36088962336,5.035621851546859,4.217883106127013
1103,23739.006783198176,5.077691349023625,4.3588342958085775
1104,24110.62057266813,5.097563074715461,4.427068107995003
1105,24086.50995209546,5.092465511640746,4.253695435035661
1106,24086.50995209546,5.092465511640746,4.064528625874039
1107,24086.50995209546,5.092465511640746,4.169524836990668
1108,23999.08941814331,5.08402546346172,4.158561323114229
1109,23975.090328725168,5.0789414379982585,3.8516537976964615
1110,23975.090328725168,5.0789414379982585,3.652418167215898
1111,23975.090328725168,5.0789414379982585,3.697351967305952
1112,23971.80214935499,5.074958087941262,3.7005422281092
1113,23947.830347205636,5.069883129853321,3.671828975086383
1114,24653.327982321025,5.103420118472168,3.783672050513191
1115,25347.820155977013,5.139361364758461,3.890259308373334
1116,25764.86381908906,5.160500639027672,3.954265127510298
1117,24544.2617585781,5.1375093882185485,3.7669331005942577
1118,24519.71749681952,5.13237187883033,3.5557644672821738
1119,24519.71749681952,5.13237187883033,3.428528528462249
1120,24519.71749681952,5.13237187883033,3.214951323059153
1121,24519.71749681952,5.13237187883033,3.101735295380483
1122,23461.614851825983,5.113499352389116,2.970987433080067
1123,23438.153236974158,5.108385853036727,2.890499424712532
1124,24041.68843458074,5.137439947513281,2.967820623682445
1125,23959.922748686156,5.1331294955615085,2.957727077650193
1126,23935.96282593747,5.127996366065947,2.9384624608323877
1127,24172.39569539495,5.134157216474569,2.9704262487610076
1128,24026.70194369676,5.130568210034849,2.95252266362289
1129,24002.675241753062,5.125437641824814,2.9400634002897714
1130,23782.055765584064,5.115185294394122,2.915980007315196
1131,23758.27370981848,5.110070109099728,2.888485352748669
1132,23838.99679993599,5.107376104854213,2.901187996582834
1133,24086.310767631327,5.111943846800139,2.931285920605665
1134,24217.494771435464,5.117295397420974,2.9472509152895543
1135,24040.611842810707,5.1168738666047915,2.92572439579575
1136,24016.571230967897,5.1117569927381865,2.9136051104943594
1137,23278.04989644687,5.09771203185331,2.826923930663404
1138,23254.771846550426,5.092614319821457,2.757577369843103
1139,23144.622500918085,5.084392282514308,2.747273312172058
1140,23121.47787841717,5.079307890231794,2.725345717816829
1141,23067.74811722222,5.073607643384178,2.72173789679842
1142,22744.854501506234,5.070667859884874,2.683640038868701
1143,22722.109647004727,5.065597192024989,2.650439290079632
